{"main/loss": 57.57092367808024, "main/accuracy": 0.6683760702610015}